Taxa	K1	K2	K3	K4	K5	K6	K7	K8
HM001	0.00001	0.00001	0.00001	0.99992	0.00001	0.00001	0.00001	0.00001
HM002	0.00001	0.00001	0.00001	0.99992	0.00001	0.00001	0.00001	0.00001
HM003	0.00001	0.00001	0.99992	0.00001	0.00001	0.00001	0.00001	0.00001
HM004	0.00001	0.99992	0.00001	0.00001	0.00001	0.00001	0.00001	0.00001
HM005	0.99992	0.00001	0.00001	0.00001	0.00001	0.00001	0.00001	0.00001
HM006	0.058144	0.00001	0.00001	0.585387	0.081213	0.275206	0.00001	0.00001
HM007	0.040097	0.00001	0.058693	0.069085	0.012291	0.627359	0.00001	0.064971
HM008	0.00001	0.00001	0.00001	0.00001	0.00001	0.00001	0.99992	0.00001
HM009	0.00001	0.00001	0.00001	0.99992	0.00001	0.00001	0.00001	0.00001
HM010	0.005447	0.05877	0.00001	0.759614	0.143338	0.032791	0.00001	0.00001
HM011	0.00001	0.00001	0.00001	0.00001	0.00001	0.00001	0.00001	0.00001
HM012	0.04183	0.00001	0.869869	0.00001	0.013034	0.00001	0.00001	0.00001
HM013	0.00001	0.00001	0.153667	0.00001	0.00001	0.09571	0.00001	0.406251
HM014	0.79528	0.00001	0.00001	0.00001	0.00001	0.00001	0.20465	0.00001
HM015	0.00001	0.00001	0.00001	0.00001	0.00001	0.99992	0.00001	0.00001
HM016	0.93652	0.00001	0.00001	0.00001	0.06341	0.00001	0.00001	0.00001
HM019	NA	NA	NA	NA	NA	NA	NA	NA
HM020	0.133231	0.00001	0.00001	0.095809	0.7709	0.00001	0.00001	0.00001
HM021	0.130954	0.00001	0.00001	0.088559	0.780427	0.00001	0.00001	0.00001
HM023	0.10838	0.00001	0.00001	0.6652	0.22636	0.00001	0.00001	0.00001
HM024	0.00001	0.00001	0.00001	0.00001	0.533294	0.00001	0.00001	0.466636
HM025	0.58096	0.304918	0.00001	0.00001	0.114061	0.00001	0.00001	0.00001
HM026	0.00001	0.00001	0.00001	0.00001	0.00001	0.99992	0.00001	0.00001
HM027	0.090177	0.23434	0.00001	0.381901	0.021039	0.272504	0.00001	0.00001
HM028	0.486657	0.00001	0.00001	0.00001	0.513273	0.00001	0.00001	0.00001
HM031	0.00001	0.00001	0.99992	0.00001	0.00001	0.00001	0.00001	0.00001
HM032	0.00001	0.00001	0.162514	0.00001	0.00001	0.047483	0.00001	0.365863
HM033	0.13065	0.00001	0.00001	0.062606	0.00001	0.723518	0.059102	0.024084
HM034	0.053036	0.026729	0.00001	0.233623	0.018264	0.567287	0.101031	0.00001
HM035	0.027051	0.00001	0.00001	0.095995	0.005214	0.871689	0.00001	0.00001
HM036	0.00001	0.00001	0.00001	0.99992	0.00001	0.00001	0.00001	0.00001
HM037	0.009139	0.020677	0.00001	0.799816	0.058529	0.089339	0.02247	0.00001
HM038	0.00001	0.00001	0.49312	0.0308	0.029527	0.00001	0.00727	0.407456
HM039	0.103603	0.00001	0.00001	0.598738	0.297599	0.00001	0.00001	0.00001
HM040	0.020472	0.00001	0.00001	0.888712	0.090756	0.00001	0.00001	0.00001
HM041	0.143141	0.004398	0.00001	0.245449	0.335716	0.050368	0.00001	0.220898
HM042	0.159376	0.00001	0.00001	0.086386	0.75417	0.000019	0.00001	0.00001
HM043	0.99992	0.00001	0.00001	0.00001	0.00001	0.00001	0.00001	0.00001
HM044	0.00001	0.00001	0.00001	0.636141	0.363789	0.00001	0.00001	0.00001
HM045	0.00001	0.00001	0.00001	0.526127	0.473803	0.00001	0.00001	0.00001
HM046	0.030569	0.128496	0.364794	0.027703	0.057272	0.048299	0.057804	0.285053
HM047	0.00001	0.00001	0.00001	0.00001	0.00001	0.00001	0.99992	0.00001
HM048	0.808611	0.00001	0.00001	0.00001	0.050309	0.00001	0.141021	0.00001
HM049	0.767876	0.229275	0.00001	0.00001	0.00279	0.00001	0.00001	0.00001
HM050	0.99992	0.00001	0.00001	0.00001	0.00001	0.00001	0.00001	0.00001
HM051	0.00001	0.00001	0.00001	0.00001	0.00001	0.00001	0.00001	0.00001
HM052	0.00001	0.00001	0.00001	0.00001	0.00001	0.00001	0.99992	0.00001
HM053	0.856375	0.143555	0.00001	0.00001	0.00001	0.00001	0.00001	0.00001
HM054	0.00001	0.00001	0.316069	0.00001	0.00001	0.00001	0.00001	0.00001
HM055	0.00001	0.00001	0.00001	0.00001	0.00001	0.00001	0.00001	0.00001
HM056	0.099473	0.00001	0.00001	0.00001	0.001247	0.129009	0.00001	0.770221
HM057	0.00001	0.00001	0.99992	0.00001	0.00001	0.00001	0.00001	0.00001
HM058	0.00001	0.00001	0.058196	0.00001	0.032464	0.00001	0.00001	0.88584
HM059	0.00001	0.00001	0.052778	0.00001	0.00001	0.849786	0.00001	0.00001
HM060	0.00001	0.00001	0.00001	0.00001	0.00001	0.99992	0.00001	0.00001
HM061	0.00001	0.00001	0.00001	0.99992	0.00001	0.00001	0.00001	0.00001
HM062	0.00001	0.00001	0.00001	0.99992	0.00001	0.00001	0.00001	0.00001
HM063	0.00001	0.00001	0.117276	0.00001	0.00001	0.00001	0.00001	0.864918
HM064	0.012815	0.033338	0.215452	0.394992	0.051372	0.141393	0.00001	0.150619
HM065	0.00001	0.00001	0.555709	0.00001	0.00001	0.00001	0.02257	0.34337
HM066	0.084215	0.00001	0.00001	0.554265	0.36146	0.00001	0.00001	0.00001
HM067	0.00001	0.00001	0.00001	0.00001	0.00001	0.00001	0.99992	0.00001
HM068	0.00001	0.00001	0.218833	0.00001	0.00001	0.00001	0.00001	0.781097
HM069	0.315233	0.00001	0.00001	0.00001	0.684697	0.00001	0.00001	0.00001
HM070	0.039725	0.111207	0.394644	0.022673	0.045627	0.048129	0.064041	0.273943
HM071	0.001435	0.090786	0.250972	0.069784	0.054945	0.033781	0.078107	0.345598
HM072	0.00001	0.99992	0.00001	0.00001	0.00001	0.00001	0.00001	0.00001
HM073	0.812722	0.103146	0.00001	0.00001	0.084072	0.00001	0.00001	0.00001
HM074	0.000015	0.9999	0.000013	0.00001	0.000019	0.00001	0.000012	0.00001
HM075	0.317409	0.00001	0.00001	0.037803	0.073563	0.313461	0.015134	0.2426
HM076	0.731479	0.199316	0.00001	0.010399	0.010013	0.00001	0.00001	0.00001
HM077	0.00001	0.057313	0.00001	0.873008	0.06962	0.00001	0.00001	0.00001
HM078	0.00001	0.00001	0.00001	0.919778	0.080152	0.00001	0.00001	0.00001
HM079	0.00001	0.99992	0.00001	0.00001	0.00001	0.00001	0.00001	0.00001
HM080	0.109287	0.890642	0.00001	0.00001	0.00001	0.00001	0.00001	0.00001
HM081	0.00001	0.00001	0.000017	0.00001	0.00001	0.00001	0.00001	0.00001
HM082	0.00001	0.00001	0.00001	0.00001	0.00001	0.00001	0.99992	0.00001
HM083	0.00001	0.00001	0.00001	0.00001	0.00001	0.00001	0.99992	0.00001
HM084	0.978027	0.00001	0.00001	0.00001	0.021903	0.00001	0.00001	0.00001
HM085	0.00001	0.00001	0.000018	0.00001	0.00001	0.00001	0.00001	0.00001
HM086	0.00001	0.00001	0.108165	0.00001	0.00001	0.00001	0.00001	0.00001
HM087	0.00001	0.00001	0.00001	0.00001	0.00001	0.00001	0.00001	0.00001
HM088	0.00001	0.00001	0.00001	0.00001	0.00001	0.00001	0.00001	0.00001
HM089	0.000011	0.00001	0.999919	0.00001	0.00001	0.00001	0.00001	0.00001
HM091	0.083775	0.00001	0.00001	0.308675	0.080329	0.132748	0.00001	0.394433
HM092	0.00001	0.00001	0.088237	0.00001	0.00001	0.00001	0.00001	0.911693
HM093	0.00001	0.00001	0.822568	0.00001	0.00001	0.043848	0.00001	0.133524
HM095	0.005507	0.00001	0.00001	0.22444	0.01181	0.758193	0.00001	0.00001
HM096	0.133866	0.00001	0.00001	0.165094	0.00001	0.695203	0.005787	0.00001
HM097	0.00001	0.00001	0.00001	0.26933	0.00001	0.224512	0.506099	0.00001
HM098	0.00001	0.036149	0.026452	0.303873	0.056891	0.278972	0.00001	0.297633
HM099	0.00001	0.00001	0.00001	0.99992	0.00001	0.00001	0.00001	0.00001
HM101	0.00001	0.000013	0.00001	0.00001	0.00001	0.00001	0.00001	0.999917
HM105	0.970576	0.00001	0.00001	0.00001	0.00001	0.00001	0.029354	0.00001
HM106	0.994971	0.00001	0.00001	0.004959	0.00001	0.00001	0.00001	0.00001
HM107	0.759468	0.00001	0.00001	0.000822	0.051877	0.00001	0.119151	0.00001
HM108	0.87204	0.00001	0.00001	0.00001	0.12789	0.00001	0.00001	0.00001
HM109	0.235307	0.000011	0.00001	0.60553	0.159103	0.00001	0.00001	0.00001
HM111	0.133516	0.00001	0.00001	0.60456	0.098568	0.163306	0.00001	0.00001
HM112	0.00001	0.00001	0.00001	0.99992	0.00001	0.00001	0.00001	0.00001
HM114	0.015097	0.00001	0.00001	0.881984	0.031081	0.00001	0.071789	0.00001
HM115	0.00001	0.00001	0.00001	0.99992	0.00001	0.00001	0.00001	0.00001
HM117	0.00001	0.00001	0.00001	0.00001	0.00001	0.00001	0.00001	0.99992
HM118	0.00001	0.00001	0.015496	0.00001	0.00001	0.00001	0.00001	0.984434
HM119	0.00001	0.00001	0.99992	0.00001	0.00001	0.00001	0.00001	0.00001
HM120	0.00001	0.00001	0.00001	0.00001	0.00001	0.00001	0.00001	0.99992
HM121	0.00001	0.00001	0.982481	0.00001	0.00001	0.00001	0.00001	0.017449
HM122	0.00001	0.00001	0.99992	0.00001	0.00001	0.00001	0.00001	0.00001
HM124	0.00001	0.00001	0.226888	0.00001	0.00001	0.00001	0.00001	0.758622
HM125	0.00001	0.00001	0.157386	0.00001	0.00001	0.00001	0.00001	0.842544
HM126	0.00001	0.00001	0.00001	0.00001	0.00001	0.99992	0.00001	0.00001
HM127	0.00001	0.00001	0.00001	0.231231	0.00001	0.768699	0.00001	0.00001
HM128	0.127893	0.001661	0.00001	0.177559	0.00001	0.556982	0.05561	0.080266
HM129	0.10495	0.00001	0.00001	0.06995	0.00001	0.60477	0.153536	0.066753
HM130	0.00001	0.00001	0.00001	0.00001	0.00001	0.720872	0.138943	0.140125
HM131	0.00001	0.00001	0.00001	0.00001	0.00001	0.99992	0.00001	0.00001
HM133	0.00001	0.00001	0.00001	0.974934	0.00001	0.00001	0.024996	0.00001
HM134	0.00001	0.00001	0.00001	0.815938	0.00001	0.00001	0.183992	0.00001
HM135	0.00001	0.00001	0.00001	0.773977	0.222572	0.00001	0.003391	0.00001
HM138	0.123064	0.035176	0.00001	0.412189	0.372453	0.020702	0.00001	0.036386
HM139	0.00001	0.00001	0.985857	0.00001	0.00001	0.00001	0.00001	0.00001
HM141	0.00001	0.00001	0.00001	0.129372	0.870558	0.00001	0.00001	0.00001
HM143	0.708649	0.0969	0.00001	0.00001	0.194391	0.00001	0.00001	0.00001
HM145	0.04446	0.00001	0.00001	0.803216	0.152264	0.00001	0.00001	0.00001
HM146	0.009098	0.00001	0.00001	0.88974	0.101102	0.00001	0.00001	0.00001
HM147	0.044922	0.00001	0.00001	0.218649	0.736369	0.00001	0.00001	0.00001
HM148	0.00001	0.00001	0.00001	0.99992	0.00001	0.00001	0.00001	0.00001
HM149	0.034174	0.00001	0.00001	0.852686	0.004414	0.108676	0.00001	0.00001
HM150	0.00001	0.00001	0.00001	0.913123	0.086807	0.00001	0.00001	0.00001
HM151	0.016822	0.00001	0.00001	0.875134	0.107984	0.00001	0.00001	0.00001
HM152	0.00001	0.00001	0.99992	0.00001	0.00001	0.00001	0.00001	0.00001
HM153	0.35995	0.00001	0.00001	0.253216	0.058728	0.328056	0.00001	0.00001
HM154	0.00001	0.00001	0.99992	0.00001	0.00001	0.00001	0.00001	0.00001
HM155	0.00001	0.00001	0.886355	0.00001	0.00001	0.00001	0.00001	0.00001
HM156	0.006178	0.00001	0.00001	0.992943	0.000814	0.00001	0.000016	0.00001
HM157	0.00001	0.00001	0.00001	0.99992	0.00001	0.00001	0.00001	0.00001
HM159	0.00001	0.00001	0.00001	0.00001	0.00001	0.99992	0.00001	0.00001
HM160	0.00001	0.01171	0.00001	0.784148	0.1642	0.028683	0.011219	0.00001
HM161	0.104043	0.00001	0.00001	0.00001	0.00001	0.00001	0.895887	0.00001
HM162	0.783166	0.023627	0.00001	0.027682	0.165475	0.00001	0.00001	0.00001
HM163	0.167516	0.807969	0.00001	0.024455	0.00001	0.00001	0.00001	0.00001
HM164	0.065521	0.00001	0.00001	0.00001	0.00001	0.00001	0.202686	0.00001
HM165	0.625903	0.258639	0.00001	0.027918	0.00001	0.00001	0.08749	0.00001
HM166	0.926554	0.00001	0.00001	0.00001	0.073376	0.00001	0.00001	0.00001
HM167	0.86183	0.00001	0.00001	0.00001	0.1381	0.00001	0.00001	0.00001
HM168	0.00001	0.00001	0.00001	0.00001	0.00001	0.00001	0.00001	0.00001
HM169	0.038037	0.004857	0.855029	0.00001	0.00001	0.00001	0.00001	0.102028
HM170	0.00001	0.00001	0.055408	0.00001	0.00001	0.00001	0.00001	0.8082
HM172	0.00001	0.00001	0.579424	0.00001	0.00001	0.062171	0.003917	0.354438
HM173	0.00001	0.00001	0.643575	0.00001	0.00001	0.037734	0.00001	0.318631
HM175	0.00001	0.00001	0.99992	0.00001	0.00001	0.00001	0.00001	0.00001
HM176	0.00001	0.00001	0.99992	0.00001	0.00001	0.00001	0.00001	0.00001
HM177	0.00001	0.00001	0.99992	0.00001	0.00001	0.00001	0.00001	0.00001
HM178	0.00001	0.00001	0.99992	0.00001	0.00001	0.00001	0.00001	0.00001
HM179	0.00001	0.00001	0.99992	0.00001	0.00001	0.00001	0.00001	0.00001
HM180	0.00001	0.00001	0.931671	0.00001	0.00001	0.00001	0.00001	0.068259
HM181	0.00001	0.00001	0.122686	0.00001	0.00001	0.00001	0.00001	0.877244
HM182	0.00001	0.000015	0.00001	0.00001	0.00001	0.999915	0.00001	0.00001
HM183	0.00001	0.00001	0.00001	0.00001	0.00001	0.99992	0.00001	0.00001
HM184	0.171734	0.00001	0.00001	0.123669	0.015921	0.537963	0.081406	0.069277
HM185	0.107385	0.00001	0.00001	0.052452	0.00001	0.785918	0.054195	0.00001
HM186	0.00001	0.00001	0.00001	0.99992	0.00001	0.00001	0.00001	0.00001
HM187	0.00001	0.00001	0.00001	0.969615	0.030315	0.00001	0.00001	0.00001
HM188	0.00001	0.00001	0.00001	0.99992	0.00001	0.00001	0.00001	0.00001
HM189	0.00001	0.00001	0.400404	0.00001	0.00001	0.00001	0.00001	0.599526
HM190	0.00001	0.00001	0.99992	0.00001	0.00001	0.00001	0.00001	0.00001
HM191	0.127679	0.003954	0.063531	0.352994	0.107479	0.224618	0.00001	0.119724
HM192	0.315595	0.00001	0.00001	0.00001	0.684335	0.00001	0.00001	0.00001
HM193	0.00001	0.00001	0.99992	0.00001	0.00001	0.00001	0.00001	0.00001
HM194	0.494689	0.00001	0.00001	0.00001	0.505241	0.00001	0.00001	0.00001
HM195	0.00001	0.00001	0.00001	0.098383	0.901547	0.00001	0.00001	0.00001
HM196	0.99992	0.00001	0.00001	0.00001	0.00001	0.00001	0.00001	0.00001
HM197	0.386076	0.015357	0.00001	0.099052	0.012739	0.372251	0.076907	0.037597
HM198	0.99992	0.00001	0.00001	0.00001	0.00001	0.00001	0.00001	0.00001
HM199	0.514154	0.024825	0.00001	0.006688	0.454284	0.00001	0.00001	0.00001
HM200	0.00001	0.00001	0.00001	0.99992	0.00001	0.00001	0.00001	0.00001
HM201	0.00001	0.00001	0.99992	0.00001	0.00001	0.00001	0.00001	0.00001
HM202	0.208654	0.00001	0.00001	0.152525	0.00001	0.422108	0.00001	0.216664
HM203	0.00001	0.00001	0.00001	0.99992	0.00001	0.00001	0.00001	0.00001
HM205	0.00001	0.00001	0.494856	0.08285	0.00001	0.00001	0.011273	0.351729
HM206	0.00001	0.00001	0.00001	0.00001	0.015585	0.984345	0.00001	0.00001
HM207	0.092424	0.00001	0.00001	0.828033	0.00001	0.029114	0.00001	0.050378
HM208	0.22019	0.00001	0.00001	0.612724	0.167027	0.00001	0.00001	0.00001
HM209	0.013682	0.00001	0.022396	0.848124	0.070561	0.021128	0.00001	0.02408
HM210	0.00001	0.00001	0.00001	0.00001	0.99992	0.00001	0.00001	0.00001
HM211	0.00001	0.00001	0.00001	0.00001	0.99992	0.00001	0.00001	0.00001
HM212	0.00001	0.00001	0.00001	0.00001	0.99992	0.00001	0.00001	0.00001
HM213	0.999918	0.00001	0.00001	0.00001	0.000012	0.00001	0.00001	0.00001
HM214	0.99992	0.00001	0.00001	0.00001	0.00001	0.00001	0.00001	0.00001
HM215	0.99992	0.00001	0.00001	0.00001	0.00001	0.00001	0.00001	0.00001
HM217	0.99992	0.00001	0.00001	0.00001	0.00001	0.00001	0.00001	0.00001
HM218	0.99992	0.00001	0.00001	0.00001	0.00001	0.00001	0.00001	0.00001
HM219	0.983275	0.00001	0.00001	0.00001	0.016655	0.00001	0.00001	0.00001
HM220	0.99992	0.00001	0.00001	0.00001	0.00001	0.00001	0.00001	0.00001
HM221	0.709284	0.128424	0.000011	0.00001	0.162231	0.00001	0.00001	0.00001
HM222	0.99992	0.00001	0.00001	0.00001	0.00001	0.00001	0.00001	0.00001
HM223	0.00001	0.00001	0.00001	0.00001	0.99992	0.00001	0.00001	0.00001
HM224	0.57321	0.42672	0.00001	0.00001	0.00001	0.00001	0.00001	0.00001
HM225	0.255217	0.096473	0.00001	0.047864	0.600396	0.00001	0.00001	0.00001
HM226	0.229241	0.00001	0.00001	0.00001	0.770689	0.00001	0.00001	0.00001
HM227	0.00001	0.00001	0.00001	0.00001	0.99992	0.00001	0.00001	0.00001
HM228	0.00001	0.00001	0.00001	0.00001	0.99992	0.00001	0.00001	0.00001
HM229	0.191954	0.019094	0.00001	0.00001	0.788893	0.00001	0.00001	0.00001
HM230	0.00001	0.00001	0.00001	0.00001	0.99992	0.00001	0.00001	0.00001
HM231	0.216729	0.00001	0.00001	0.00001	0.783201	0.00001	0.00001	0.00001
HM232	0.584979	0.414951	0.00001	0.00001	0.00001	0.00001	0.00001	0.00001
HM233	0.547105	0.414229	0.00001	0.00001	0.038605	0.00001	0.00001	0.00001
HM234	0.597266	0.347702	0.00001	0.00001	0.054972	0.00001	0.00001	0.00001
HM235	0.000011	0.00001	0.00001	0.00001	0.999919	0.00001	0.00001	0.00001
HM236	0.570097	0.403174	0.00001	0.00001	0.026669	0.00001	0.00001	0.00001
HM237	0.575775	0.424155	0.00001	0.00001	0.00001	0.00001	0.00001	0.00001
HM238	0.589045	0.410885	0.00001	0.00001	0.00001	0.00001	0.00001	0.00001
HM239	0.00001	0.00001	0.00001	0.00001	0.99992	0.00001	0.00001	0.00001
HM240	0.00001	0.00001	0.00001	0.00001	0.99992	0.00001	0.00001	0.00001
HM241	0.00001	0.00001	0.00001	0.00001	0.99992	0.00001	0.00001	0.00001
HM242	0.00001	0.00001	0.00001	0.00001	0.99992	0.00001	0.00001	0.00001
HM243	0.139983	0.00001	0.00001	0.043628	0.816328	0.00001	0.00001	0.00001
HM244	0.611228	0.301236	0.00001	0.00001	0.087476	0.00001	0.00001	0.00001
HM245	0.518045	0.338839	0.00001	0.00001	0.143056	0.00001	0.00001	0.00001
HM253	0.857082	0.00001	0.00001	0.00001	0.142848	0.00001	0.00001	0.00001
HM256	0.00001	0.00001	0.000018	0.00001	0.00001	0.00001	0.00001	0.999912
HM259	0.000012	0.00001	0.949948	0.00001	0.00001	0.00001	0.00001	0.00001
HM260	0.080063	0.00001	0.00001	0.919867	0.00001	0.00001	0.00001	0.00001
HM262	0.00001	0.00001	0.888615	0.00001	0.00001	0.00001	0.00001	0.00001
HM266	0.401335	0.00001	0.00001	0.00001	0.00001	0.00001	0.598595	0.00001
HM267	0.682111	0.00001	0.00001	0.00001	0.00001	0.061211	0.074928	0.00001
HM268	0.072207	0.00001	0.00001	0.83178	0.00001	0.027571	0.028753	0.031563
HM269	0.308513	0.00001	0.00001	0.513028	0.00001	0.06074	0.028574	0.00001
HM270	0.00001	0.00001	0.337284	0.065081	0.004238	0.005827	0.00001	0.58753
HM271	0.00001	0.011853	0.00001	0.00001	0.00001	0.00001	0.104488	0.852931
HM276	0.00001	0.00001	0.00001	0.00001	0.00001	0.00001	0.00001	0.00001
HM277	0.00001	0.00001	0.00001	0.00001	0.00001	0.00001	0.00001	0.00001
HM278	0.025851	0.00001	0.00001	0.485606	0.022814	0.465679	0.00001	0.00001
HM279	0.00001	0.00001	0.00001	0.00001	0.00001	0.00001	0.99992	0.00001
HM280	0.00001	0.00001	0.00001	0.850867	0.149063	0.00001	0.00001	0.00001
HM287	0.00001	0.00001	0.00001	0.99992	0.00001	0.00001	0.00001	0.00001
HM288	0.00001	0.00001	0.688535	0.00001	0.00001	0.00001	0.00001	0.311395
HM289	0.017358	0.053195	0.00001	0.850868	0.078528	0.00001	0.00001	0.00001
HM290	0.00001	0.000012	0.00001	0.999917	0.00001	0.00001	0.000011	0.00001
HM293	0.221196	0.00001	0.000014	0.577154	0.163117	0.038469	0.00001	0.000019
HM294	0.00001	0.00001	0.000016	0.00001	0.00001	0.00001	0.999914	0.00001
HM295	0.99992	0.00001	0.00001	0.00001	0.00001	0.00001	0.00001	0.00001
HM296	0.00001	0.999903	0.00001	0.00001	0.000018	0.00001	0.000019	0.00001
HM297	0.000017	0.999906	0.00001	0.000012	0.00001	0.00001	0.000015	0.00001
HM298	0.00001	0.00001	0.00001	0.00001	0.00001	0.00001	0.99992	0.00001
HM299	0.00001	0.00001	0.99992	0.00001	0.00001	0.00001	0.00001	0.00001
HM300	0.037169	0.161982	0.00001	0.409459	0.036307	0.355043	0.00001	0.00001
HM301	0.200871	0.00001	0.00001	0.682693	0.097519	0.018867	0.00001	0.00001
HM302	0.00001	0.00001	0.00001	0.99992	0.00001	0.00001	0.00001	0.00001
HM304	0.00001	0.00001	0.99992	0.00001	0.00001	0.00001	0.00001	0.00001
HM305	0.00001	0.00001	0.877774	0.00001	0.00001	0.00001	0.00001	0.00001
HM306	0.00001	0.00001	0.144201	0.291205	0.028876	0.106369	0.00001	0.429308
HM307	0.00001	0.00001	0.99992	0.00001	0.00001	0.00001	0.00001	0.00001
HM308	0.00001	0.00001	0.547297	0.404936	0.00001	0.00001	0.00001	0.00001
HM309	0.00001	0.00001	0.99992	0.00001	0.00001	0.00001	0.00001	0.00001
HM310	0.99992	0.00001	0.00001	0.00001	0.00001	0.00001	0.00001	0.00001
HM311	0.00001	0.00001	0.077042	0.00001	0.00001	0.00001	0.00001	0.00001
HM312	0.201177	0.002206	0.00001	0.695662	0.038448	0.053101	0.009375	0.00001
HM313	0.00001	0.00001	0.00001	0.99992	0.00001	0.00001	0.00001	0.00001
HM314	0.12325	0.00001	0.00001	0.785605	0.091085	0.00001	0.00001	0.00001
HM315	0.269912	0.010344	0.00001	0.279166	0.338754	0.101784	0.00001	0.00001
HM316	0.00001	0.00001	0.00001	0.99992	0.00001	0.00001	0.00001	0.00001
